{"minzoom":0,"maxzoom":8,"center":[26.015625,44.58831,8.0],"bounds":[20.261951,40.93314,30.865087,48.265152]}