{"minzoom":0,"maxzoom":9,"center":[26.367188,44.339026,9.0],"bounds":[20.261951,40.93314,30.865087,48.265152]}